mode,finding,file,line,symbol
all,unlisted,scripts/audit-language-detection.mjs,5,esbuild
all,unlisted,scripts/check-reader-features.cjs,3,playwright
all,unlisted,scripts/check-reader-layout.cjs,9,playwright
all,exports,src/app/i18n/i18n.testing.ts,70,TRANSLOCO_TESTING_PROVIDERS
all,exports,src/app/account-scope.ts,24,MASTODON_SCOPE_PREFIX
all,exports,src/app/account-metrics.ts,392,TOP_N
all,types,src/app/account-metrics.ts,201,LivelinessLabel
all,types,src/app/account-metrics.ts,528,HeatmapDay
all,exports,src/app/client-prefs.ts,87,VISIBILITY_VALUES
all,exports,src/app/client-prefs.ts,91,asVisibility
all,exports,src/app/client-prefs.ts,152,READER_THEMES
all,exports,src/app/client-prefs.ts,211,RSS_DENSITIES
all,exports,src/app/client-prefs.ts,267,DEFAULT_CUSTOM_TERMINOLOGY
all,exports,src/app/client-prefs.ts,460,AUTO_TRANSLATE_MODES
all,exports,src/app/client-prefs.ts,527,FEED_MIN_DEFAULT
all,exports,src/app/client-prefs.ts,528,FEED_MAX_DEFAULT
all,exports,src/app/algo-feed.ts,31,ALGO_TARGET_POSTS
all,exports,src/app/auth.ts,37,ACCOUNT_MODE_KEY
all,types,src/app/auth.ts,58,AccountMode
all,exports,src/app/providers/anonymous/anonymous-follows.ts,127,networkForAccount
all,types,src/app/providers/anonymous/anonymous-follows.ts,36,AnonymousFollowNetwork
all,exports,src/app/diagnostic-log.ts,130,safeDiagnosticValue
all,exports,src/app/bulk-actions.ts,323,RELATIONSHIP_BATCH
all,types,src/app/bulk-actions.ts,262,BulkPhase
all,exports,src/app/portable-config.ts,4,PORTABLE_CONFIG_VERSION
all,exports,src/app/portable-config.ts,5,MINIMUM_SUPPORTED_CONFIG_VERSION
all,exports,src/app/portable-config.ts,82,assertSafeConfig
all,exports,src/app/effective-audience.ts,79,OVER_READ_TOLERANCE
all,exports,src/app/effective-audience.ts,85,OVER_READ_FLOOR
all,exports,src/app/effective-audience.ts,113,daysSinceLastPost
all,exports,src/app/feed-capability.ts,58,FEED_KINDS
all,types,src/app/feed-capability.ts,80,HostFeeds
all,exports,src/app/feed-doctor.ts,37,FLOOD_SHARE
all,exports,src/app/feed-doctor.ts,49,THIN_SOURCE_SHARE
all,exports,src/app/feed-doctor.ts,62,STALE_SOURCE_HOURS
all,exports,src/app/feed-doctor.ts,70,MINOR_SOURCE_SHARE
all,exports,src/app/feed-doctor.ts,664,feedSubject
all,types,src/app/feed-doctor.ts,29,Severity
all,types,src/app/feed-doctor.ts,663,AuthorRow
all,exports,src/app/feed-metrics.ts,410,BURST_WINDOW_MIN
all,exports,src/app/feed-metrics.ts,412,BURST_MIN_POSTS
all,types,src/app/feed-metrics.ts,31,ShareRow
all,types,src/app/feed-metrics.ts,224,CompositionMetrics
all,types,src/app/feed-metrics.ts,244,AccountMetrics
all,types,src/app/feed-metrics.ts,269,InstanceMetrics
all,types,src/app/feed-metrics.ts,284,HashtagRow
all,types,src/app/feed-metrics.ts,290,HashtagMetrics
all,types,src/app/feed-metrics.ts,309,DomainRow
all,types,src/app/feed-metrics.ts,313,LinkMetrics
all,types,src/app/feed-metrics.ts,332,MediaMetrics
all,types,src/app/feed-metrics.ts,349,EngagementSlice
all,types,src/app/feed-metrics.ts,355,EngagementMetrics
all,types,src/app/feed-metrics.ts,373,ConversationMetrics
all,types,src/app/feed-metrics.ts,391,RecencyMetrics
all,types,src/app/feed-metrics.ts,419,ConcentrationRow
all,exports,src/app/providers/bluesky/bluesky-session.ts,37,BSKY_SERVICE
all,exports,src/app/server-health.ts,37,FAILURES_BEFORE_DOWN
all,exports,src/app/server-health.ts,40,FAILURE_WINDOW_MS
all,exports,src/app/i18n/locale.ts,40,PRODUCTION_LOCALES
all,exports,src/app/i18n/locale.ts,64,IN_PROGRESS_LOCALES
all,exports,src/app/import-tags.ts,24,PROBE_PAGES
all,exports,src/app/import-tags.ts,29,SMALL_IMPORT
all,types,src/app/import-tags.ts,9,ImportTagStatus
all,exports,src/app/just-my-server.ts,62,accountInstanceHost
all,exports,src/language-detection/index.ts,775,CONFIDENT_LANGUAGE_SHARE
all,types,src/language-detection/index.ts,978,LanguageSegmentKind
all,types,src/language-detection/index.ts,985,LanguageReason
all,types,src/language-detection/index.ts,994,LanguageEvidence
all,exports,src/app/recent-feeds.ts,5,RECENT_FEED_SLOTS
all,exports,src/app/session-teardown.ts,36,BACKUP_KIND
all,exports,src/app/session-teardown.ts,37,BACKUP_VERSION
all,exports,src/app/tags-pub.ts,8,TAGS_PUB_HOST
all,exports,src/app/terminology.ts,127,customWords
all,exports,src/app/translation-usage.ts,117,localDay
all,exports,src/app/trusted-accounts.ts,27,TRUST_LEVELS
all,exports,src/app/eliza/eliza-identity.ts,37,ELIZA_HANDLE
all,exports,src/app/providers/openrouter/openrouter-identity.ts,20,OPENROUTER_NS
all,exports,src/app/providers/openrouter/openrouter-identity.ts,22,OPENROUTER_ID
all,exports,src/app/providers/openrouter/openrouter-identity.ts,24,OPENROUTER_ACCT
all,exports,src/app/providers/openrouter/openrouter-identity.ts,31,OPENROUTER_HANDLE
all,exports,src/app/providers/rss/rss-subscriptions.ts,27,normalizeLimit
all,exports,src/app/providers/rss/rss-subscriptions.ts,44,FOLDER_SEPARATOR
all,exports,src/app/providers/rss/rss-subscriptions.ts,55,MAX_FOLDER_DEPTH
all,exports,src/app/compose/compose.ts,85,isBlogTarget
all,exports,src/app/compose/compose.ts,117,BSKY_MAX_GRAPHEMES
all,types,src/app/compose/compose.ts,90,BlogTarget
all,types,src/app/compose/compose.ts,140,PostFailureDetail
all,exports,src/app/providers/blogger/blogger-session.ts,86,BLOGGER_SCOPE
all,exports,src/app/providers/blogger/blogger-session.ts,154,bloggerFeedUrl
all,exports,src/app/compose/tag-helper.ts,29,TAG_SUGGESTION_COUNT
all,exports,src/app/providers/shortener/shortener-catalog.ts,260,SHORTENER_API_HOSTS
all,types,src/app/providers/shortener/shortener-catalog.ts,23,ShortenerAuth
all,types,src/app/providers/shortener/shortener-catalog.ts,49,ShortenerKeyPolicy
all,exports,src/app/eliza/eliza-content.ts,345,LOCAL_POST_DISCLAIMER
all,exports,src/app/eliza/eliza-content.ts,348,ELIZA_FIRST_DM
all,exports,src/app/feed-analytics/feed-analytics.ts,164,SAMPLE_CHOICES
all,exports,src/app/feed-analytics/feed-analytics.ts,166,DEFAULT_SAMPLE
all,exports,src/app/feed-members/feed-members.ts,16,SAMPLE_CHOICES
all,exports,src/app/feed-members/feed-members.ts,18,DEFAULT_SAMPLE
all,exports,src/app/providers/account/profile-account-key.ts,30,ACCOUNT_KEY_HEADER
all,exports,src/app/providers/cors-proxy/cors-proxy.ts,429,proxyRefusalReason
all,exports,src/app/invites/invite-templates.ts,21,MAWKINGBIRD_URL
all,exports,src/app/lists/list-feed-resolver.ts,8,FEED_PER_MEMBER
all,exports,src/app/lists/list-feed-resolver.ts,10,FEED_MAX
all,exports,src/app/observability/api-metrics.ts,217,DAY_MS
all,exports,src/app/observability/api-metrics.ts,579,storedScopes
all,exports,src/app/observability/latency-histogram.ts,33,BUCKET_EDGES
all,exports,src/app/pkm/pkm-source.ts,102,localPkmItem
all,exports,src/app/pkm/pkm-source.ts,113,selfPkmItem
all,types,src/app/pkm/pkm-source.ts,36,PkmSourceKind
all,types,src/app/pkm/pkm-source.ts,45,PkmItemSource
all,exports,src/app/pkm/pkm-tags.ts,55,normalizePkmWord
all,exports,src/app/status-sort.ts,38,byOldestFirst
all,exports,src/app/status-sort.ts,43,statusTime
all,exports,src/app/share-dialog/share-dialog.ts,91,isFeedItem
all,exports,src/app/compose/post-targets.ts,37,fallbackTarget
all,exports,src/app/compose/post-targets.ts,88,ALL_TARGETS
all,exports,src/app/design-system/identity/identity.ts,3,MbIdentityRow
all,exports,src/app/pages/bookmarks/bookmark-groups.ts,59,extractHashtags
all,exports,src/app/providers/twitter/twitter-provider.ts,75,FAILURE_THRESHOLD
all,exports,src/app/providers/twitter/twitter-provider.ts,86,COOLDOWN_MS
all,exports,src/app/pages/read/article-expansion.ts,51,MAX_MANUAL_RETRIES
all,exports,src/app/pages/read/column-pages.ts,8,READER_COLUMN_GAP
all,exports,src/app/providers/read/reader-library.ts,319,READ_THRESHOLD
all,exports,src/app/providers/read/reader-annotations.ts,62,ANNOTATIONS_MAX_ENTRIES
all,exports,src/app/providers/rss/rss-adapter.ts,8,RSS_AVATAR
all,exports,src/app/pages/search/mawkingbird-search.ts,133,primaryText
all,exports,src/app/pages/search/mawkingbird-search.ts,145,withPrimaryText
all,types,src/app/pages/search/mawkingbird-search.ts,22,AccountLocation
all,types,src/app/pages/search/mawkingbird-search.ts,37,SearchDateBounds
all,types,src/app/pages/search/mawkingbird-search.ts,42,SearchTextCriteria
all,types,src/app/pages/search/mawkingbird-search.ts,93,HashtagSearchCriteria
all,types,src/app/pages/search/mawkingbird-search.ts,97,SearchPresentation
all,exports,src/app/pages/search/mastodon-query-serializer.ts,123,mastodonQuerySerializer
all,types,src/app/pages/search/mastodon-query-serializer.ts,22,MastodonQuerySerializer
all,exports,src/app/pages/search/search-helper.ts,38,SEARCH_SUCCESS_THRESHOLD_NARROW
all,exports,src/app/pages/search/search-helper.ts,41,SEARCH_QUERY_COUNT
all,exports,src/app/pages/search/search-sort.ts,121,accountActivity
all,exports,src/app/pages/search/web-query-serializer.ts,49,webEngineDef
all,exports,src/app/providers/twitter/twitter-feed.ts,415,followFromAccount
all,exports,src/app/pages/write/quality-checks.ts,85,countSyllables
all,exports,src/app/pages/write/quality-checks.ts,114,MIN_WORDS_FOR_READABILITY
all,exports,src/app/pages/write/quality-checks.ts,117,DENSE_READING_EASE
all,exports,src/app/pages/write/quality-checks.ts,150,CAPS_RUN_MIN
all,exports,src/app/pages/write/quality-checks.ts,173,TAG_NOISE_THRESHOLD
all,types,src/app/pages/write/quality-checks.ts,17,QualitySeverity
all,exports,src/app/pages/write/split-modes.ts,35,SPLIT_RULE
all,exports,src/app/providers/account/mawkingbird-session.ts,85,authOrigin
all,exports,src/app/providers/account/mawkingbird-session.ts,89,accountOrigin
all,exports,src/app/providers/account/mawkingbird-session.ts,447,corsProxyOrigin
all,types,src/app/providers/account/mawkingbird-session.ts,98,AuthStrength
all,exports,src/app/providers/account/plus-session.ts,103,checkoutErrorMessage
all,exports,src/app/providers/account/plus-diagnostics.ts,339,accountLabel
all,exports,src/app/providers/account/profile-sync.ts,67,PUSH_DEBOUNCE_MS
all,exports,src/app/providers/account/profile-sync.ts,82,FOCUS_RECHECK_MS
all,exports,src/app/providers/article/article-cache.ts,31,FAILURE_TTL_MS
all,exports,src/app/providers/article/article-metadata.ts,52,jsonLdNodes
all,exports,src/app/providers/article/article-metadata.ts,86,jsonLdArticle
all,exports,src/app/providers/article/article-metadata.ts,173,extractSiteName
all,exports,src/app/providers/bluesky/bluesky-adapter.ts,16,BSKY_AVATAR
all,exports,src/app/providers/bluesky/bluesky-oauth-config.ts,9,blueskyOAuthAppRoot
all,exports,src/app/providers/openrouter/json-suggestions.ts,29,MAX_SUGGESTIONS
all,exports,src/app/providers/openrouter/openrouter-credits.ts,129,usd
all,exports,src/app/providers/paste/gist-provider.ts,107,soleFile
all,exports,src/app/providers/rss/paste-resolve.ts,326,rssUrlFor
all,exports,src/app/providers/twitter/twitter-errors.ts,178,rateLimitMessage
all,exports,src/app/providers/twitter/twitter-import.ts,120,RATE_LIMIT_RETRIES
all,exports,src/app/providers/vault/vault-client.ts,30,VAULT_VERSION_HEADER
all,exports,src/app/providers/twitter/twitterapi-io/guards.ts,59,unwrap
all,exports,src/app/providers/twitter/twitterapi-io/normalizers.ts,41,permalink
all,exports,src/app/providers/paste/paste-feed-fetch.ts,114,describeFeedError
all,exports,src/app/providers/provider.ts,34,PROVIDER_CAPS
all,exports,src/app/bundled-starter-kits.generated.ts,1268,bundledStarterKit
all,exports,src/app/providers/article/article-diagnosis.ts,29,UNLIKELY_HOSTS
all,exports,src/app/providers/article/article-diagnosis.ts,100,looksLikeHomepage
all,exports,src/app/providers/account/auth-debug.ts,20,authDebugEnabled
all,exports,src/app/providers/article/article-scoring.ts,96,semanticCandidate
all,exports,src/app/providers/article/article-scoring.ts,113,linkedWordCount
all,exports,src/app/providers/article/article-scoring.ts,135,scoreElement
all,exports,src/app/providers/article/article-scoring.ts,173,bestCandidate
all,types,src/app/models.ts,26,AccountSource
all,types,src/app/models.ts,76,PollOption
all,types,src/app/models.ts,268,PollDraft
all,types,src/app/models.ts,298,Hashtag
all,types,src/app/models.ts,557,FaultMatch
all,types,src/app/models.ts,565,FaultEffect
all,types,src/app/models.ts,628,FilterStatus
all,types,src/app/providers/bluesky/bluesky-identity-store.ts,19,BlueskyLegacyIdentityCredentials
all,types,src/app/providers/bluesky/bluesky-identity-store.ts,28,BlueskyOAuthIdentityCredentials
all,types,src/app/drafts.ts,8,DraftPoll
all,types,src/app/providers/anonymous/anonymous-mastodon-provider.ts,65,SourceEnding
all,types,src/app/feed-sample.ts,25,PagedFeedSource
all,types,src/app/import-follows.ts,13,ImportRowStatus
all,types,src/app/instance-status.ts,5,StatusLinkKind
all,types,src/app/providers/bluesky/bluesky-types.ts,17,BskyViewerState
all,types,src/app/providers/bluesky/bluesky-types.ts,83,BskyImage
all,types,src/app/chat/conversation-store.ts,21,MessageAuthor
all,types,src/app/providers/cors-proxy/cors-proxy-catalog.ts,107,CorsProxyTemplate
all,types,src/app/providers/cors-proxy/cors-proxy-catalog.ts,134,CorsProxyBatchTemplate
all,types,src/app/lists/list-source.ts,10,ListSource
all,types,src/app/lists/list-source.ts,21,ListSourceKind
all,types,src/app/lists/list-source.ts,24,MemberOrigin
all,types,src/app/lists/list-source.ts,27,ResolvedFeed
all,types,src/app/onboarding/onboarding-questions.ts,37,OnboardingScope
all,types,src/app/onboarding/onboarding-questions.ts,45,OnboardingControl
all,types,src/app/observability/api-docs.ts,28,DocMatch
all,types,src/app/observability/indexed-db-inspector.ts,47,QuotaInfo
all,types,src/app/pages/settings/connections/doctor/connection-doctor-catalog.ts,126,StatusPage
all,types,src/app/providers/anonymous/anonymous-home-feed-cache.ts,15,AnonymousCacheLoadReport
all,types,src/app/providers/bluesky/bluesky-post-search.ts,17,BlueskySearchSort
all,types,src/app/pages/search/search-refine.ts,73,FacetValue
all,types,src/app/pages/search/search-explain.ts,43,ChipOrigin
all,types,src/app/pages/search/search-explain.ts,161,ExplainLine
all,types,src/app/providers/mataroa/mataroa-api.ts,11,MataroaPost
all,types,src/app/providers/account/profile-client.ts,62,ProfileCollectionSummary
all,types,src/app/providers/account/profile-client.ts,68,ProfileAccountSummary
all,types,src/app/providers/account/profile-client.ts,548,PortableConfig
all,types,src/app/providers/account/profile-collections.ts,31,CollectionItem
all,types,src/app/providers/github/github-session.ts,56,GitHubSocialAccount
all,types,src/app/providers/github/github-session.ts,86,GitHubStarredOwner
all,types,src/app/providers/hugo/hugo-listing.ts,26,PostRowSource
all,types,src/app/providers/paste/paste-provider.ts,4,PasteVisibility
all,types,src/app/providers/paste/paste-provider.ts,7,PasteLanguage
all,types,src/app/providers/paste/paste-provider.ts,12,PasteExpiryOption
all,types,src/app/providers/rss/opml.ts,4,OpmlFeed
all,types,src/app/providers/rss/rss-starter-kits.ts,68,RssStarterFeed
all,types,src/app/providers/shortener/shortener-history.ts,51,LinkOrigin
all,types,src/app/providers/twitter/twitterapi-io/wire-types.ts,68,WireUserEntities
all,types,src/app/providers/twitter/twitterapi-io/wire-types.ts,80,WireMentionEntity
all,types,src/app/providers/twitter/twitterapi-io/wire-types.ts,87,WireHashtagEntity
all,types,src/app/providers/twitter/twitterapi-io/wire-types.ts,100,WireVideoVariant
all,types,src/app/providers/twitter/twitterapi-io/wire-types.ts,135,WireCard
all,types,src/app/providers/vault/vault-manifest.ts,19,VaultScope
all,types,src/app/pages/settings/import-export/bridge-finder.ts,53,BridgeRowStatus
all,types,src/app/pages/settings/import-export/contact-discovery.ts,10,ContactSearchStatus
all,types,src/app/pages/settings/import-export/contact-discovery.ts,12,ContactSearchQuery
all,types,src/app/pages/settings/import-export/github-friend-discovery.ts,13,GitHubFriendConfidence
all,types,src/app/pages/settings/import-export/twitter-friend-discovery.ts,9,TwitterFriendConfidence
all,types,src/app/compose/visibility-state.ts,8,PostVisibility
all,types,src/app/lists/server-feeds.ts,5,ServerFeedContent
all,types,src/app/shell/left-rail/profile-stack/rail-profile.ts,4,RailProfileStat
production,files,src/app/i18n/i18n.testing.ts,,src/app/i18n/i18n.testing.ts
production,files,src/app/starter-kit-post/starter-kit-post.ts,,src/app/starter-kit-post/starter-kit-post.ts
production,files,src/app/testing/enable-proxy-flags.ts,,src/app/testing/enable-proxy-flags.ts
production,files,src/app/testing/fake-streaming.ts,,src/app/testing/fake-streaming.ts
production,files,src/app/testing/plus-catalogue.ts,,src/app/testing/plus-catalogue.ts
production,files,src/app/testing/seed-storage.ts,,src/app/testing/seed-storage.ts
production,files,src/app/testing/settle-rss-cache.ts,,src/app/testing/settle-rss-cache.ts
production,files,src/app/testing/stub-location.ts,,src/app/testing/stub-location.ts
production,files,src/app/testing/translate-en.ts,,src/app/testing/translate-en.ts
production,files,src/app/design-system/action-menu/action-menu.ts,,src/app/design-system/action-menu/action-menu.ts
production,files,src/app/design-system/identity/identity.ts,,src/app/design-system/identity/identity.ts
production,files,src/app/design-system/popover/popover.ts,,src/app/design-system/popover/popover.ts
production,files,src/app/pages/read/post-blocks.ts,,src/app/pages/read/post-blocks.ts
production,files,src/app/pages/settings/anonymous/settings-anonymous.ts,,src/app/pages/settings/anonymous/settings-anonymous.ts
production,files,src/app/providers/twitter/fixtures/twitterapi-io.fixtures.ts,,src/app/providers/twitter/fixtures/twitterapi-io.fixtures.ts
production,binaries,package.json,,ng
production,dependencies,package.json,72,@angular/platform-server
production,dependencies,package.json,74,@angular/ssr
production,exports,src/app/build-diagnostics.ts,7,deploymentName
production,types,src/app/build-diagnostics.ts,4,DeploymentName
production,exports,src/app/i18n/i18n.config.ts,37,translationUrl
production,exports,src/app/i18n/i18n.config.ts,59,HttpTranslocoLoader
production,exports,src/app/i18n/i18n.config.ts,68,provideI18n
production,exports,src/app/client-prefs.ts,87,VISIBILITY_VALUES
production,exports,src/app/client-prefs.ts,91,asVisibility
production,exports,src/app/client-prefs.ts,152,READER_THEMES
production,exports,src/app/client-prefs.ts,211,RSS_DENSITIES
production,exports,src/app/client-prefs.ts,267,DEFAULT_CUSTOM_TERMINOLOGY
production,exports,src/app/client-prefs.ts,288,normalizeCustomTerminology
production,exports,src/app/client-prefs.ts,315,isPostNoun
production,exports,src/app/client-prefs.ts,460,AUTO_TRANSLATE_MODES
production,exports,src/app/client-prefs.ts,527,FEED_MIN_DEFAULT
production,exports,src/app/client-prefs.ts,528,FEED_MAX_DEFAULT
production,exports,src/app/instance-status.ts,52,normalizeInstanceDomain
production,types,src/app/instance-status.ts,5,StatusLinkKind
production,exports,src/app/server-health.ts,37,FAILURES_BEFORE_DOWN
production,exports,src/app/server-health.ts,40,FAILURE_WINDOW_MS
production,exports,src/app/action-tracker.ts,30,actionTarget
production,exports,src/app/providers/cors-proxy/proxy-activity.ts,4,PROXY_PAUSED_KEY
production,exports,src/app/providers/cors-proxy/proxy-activity.ts,5,PROXY_PROMPT_KEY
production,exports,src/app/auth.ts,37,ACCOUNT_MODE_KEY
production,types,src/app/auth.ts,58,AccountMode
production,exports,src/app/providers/mastodon/mastodon-connector.ts,52,MASTODON_CONNECTOR_PROFILE_KEY
production,exports,src/app/providers/mastodon/mastodon-connector.ts,55,MASTODON_CONNECTOR_TOKEN_KEY
production,exports,src/app/providers/mastodon/mastodon-connector.ts,160,clearMastodonConnectorToken
production,exports,src/app/host-url.ts,32,isLocalHost
production,exports,src/app/observability/api-metrics.ts,75,latencyFamily
production,exports,src/app/observability/api-metrics.ts,217,DAY_MS
production,exports,src/app/observability/api-metrics.ts,265,dayStart
production,exports,src/app/observability/api-metrics.ts,280,packHistogram
production,exports,src/app/observability/api-metrics.ts,299,unpackHistogram
production,exports,src/app/observability/api-metrics.ts,362,normalizeEndpoint
production,exports,src/app/observability/api-metrics.ts,421,normalizeErrorMessage
production,exports,src/app/observability/api-metrics.ts,453,describeError
production,exports,src/app/observability/api-metrics.ts,579,storedScopes
production,exports,src/app/diagnostic-log.ts,119,safeDiagnosticDetails
production,exports,src/app/diagnostic-log.ts,130,safeDiagnosticValue
production,exports,src/app/providers/account/plus-session.ts,103,checkoutErrorMessage
production,exports,src/app/providers/account/mawkingbird-session.ts,55,AUTH_ORIGIN
production,exports,src/app/providers/account/mawkingbird-session.ts,61,ACCOUNT_ORIGIN
production,exports,src/app/providers/account/mawkingbird-session.ts,85,authOrigin
production,exports,src/app/providers/account/mawkingbird-session.ts,89,accountOrigin
production,exports,src/app/providers/account/mawkingbird-session.ts,447,corsProxyOrigin
production,types,src/app/providers/account/mawkingbird-session.ts,98,AuthStrength
production,exports,src/app/seo.ts,7,SITE_DESCRIPTION
production,exports,src/app/seo.ts,9,FEATURES_DESCRIPTION
production,exports,src/app/i18n/locale.ts,40,PRODUCTION_LOCALES
production,exports,src/app/i18n/locale.ts,64,IN_PROGRESS_LOCALES
production,exports,src/app/i18n/locale.ts,78,supportedLocales
production,exports,src/app/i18n/locale.ts,152,negotiateLocale
production,exports,src/app/account-scope.ts,23,BLUESKY_SCOPE_PREFIX
production,exports,src/app/account-scope.ts,24,MASTODON_SCOPE_PREFIX
production,exports,src/app/pkm/pkm-tags.ts,41,extractTags
production,exports,src/app/pkm/pkm-tags.ts,55,normalizePkmWord
production,exports,src/app/pkm/pkm-tags.ts,133,isPkm
production,exports,src/app/pkm/pkm-tags.ts,144,tagFor
production,exports,src/app/publish-wizard.ts,63,isLastStep
production,exports,src/app/portable-config.ts,3,PORTABLE_CONFIG_KIND
production,exports,src/app/portable-config.ts,4,PORTABLE_CONFIG_VERSION
production,exports,src/app/portable-config.ts,5,MINIMUM_SUPPORTED_CONFIG_VERSION
production,exports,src/app/portable-config.ts,82,assertSafeConfig
production,exports,src/app/providers/account/profile-sync.ts,67,PUSH_DEBOUNCE_MS
production,exports,src/app/providers/account/profile-sync.ts,82,FOCUS_RECHECK_MS
production,exports,src/app/providers/account/profile-sync.ts,84,SETTINGS_KIND
production,exports,src/app/providers/account/profile-sync.ts,85,SETTINGS_SCHEMA_VERSION
production,exports,src/app/providers/credential-lifetime.ts,48,DEFAULT_CREDENTIAL_LIFETIME
production,exports,src/app/providers/credential-lifetime.ts,67,readCredentialLifetime
production,exports,src/app/providers/cors-proxy/cors-proxy-catalog.ts,218,CORS_PROXY_CATALOG
production,exports,src/app/providers/cors-proxy/cors-proxy-catalog.ts,429,headerCapableCorsProxies
production,types,src/app/providers/cors-proxy/cors-proxy-catalog.ts,107,CorsProxyTemplate
production,types,src/app/providers/cors-proxy/cors-proxy-catalog.ts,134,CorsProxyBatchTemplate
production,exports,src/app/feature-flags.ts,121,FEATURE_FLAGS
production,exports,src/app/feature-flags.ts,369,deploymentChannel
production,exports,src/app/feature-flags.ts,384,isFeatureEnabled
production,exports,src/app/api.ts,51,nextMaxIdFrom
production,exports,src/app/just-my-server.ts,49,normalizeInstanceHost
production,exports,src/app/just-my-server.ts,62,accountInstanceHost
production,exports,src/app/just-my-server.ts,78,accountIsOnServer
production,exports,src/app/providers/cors-proxy/cors-proxy.ts,348,assertProxyable
production,exports,src/app/providers/cors-proxy/cors-proxy.ts,374,assertProxyableIgnoringCredentialHosts
production,exports,src/app/providers/cors-proxy/cors-proxy.ts,419,canProxy
production,exports,src/app/providers/cors-proxy/cors-proxy.ts,429,proxyRefusalReason
production,exports,src/app/pages/settings/connections/doctor/connection-doctor.ts,274,classifyProxyStatus
production,exports,src/app/first-run/preview-seed.ts,111,PREVIEW_ACCOUNT_IDS
production,exports,src/app/pkce.ts,33,randomBase64Url
production,exports,src/app/pkce.ts,38,sha256Base64Url
production,exports,src/app/providers/bluesky/bluesky-session.ts,37,BSKY_SERVICE
production,exports,src/app/terminology.ts,127,customWords
production,exports,src/app/feature-use-history.ts,6,FEATURE_USE_KEY
production,exports,src/app/providers/cors-proxy/proxy-limit-notice.ts,44,ProxyAccountSignup
production,exports,src/app/providers/account/plus-badge-entitlement.ts,8,plusBadgeState
production,exports,src/app/plus-benefits.ts,108,PLUS_BENEFITS
production,exports,src/app/invites/invite-templates.ts,21,MAWKINGBIRD_URL
production,exports,src/app/invites/invite-templates.ts,426,INVITE_VARIATIONS
production,exports,src/app/providers/dropbox/dropbox-session.ts,9,DROPBOX_APP_KEY
production,exports,src/app/providers/blogger/blogger-session.ts,24,BLOGGER_CLIENT_ID
production,exports,src/app/providers/blogger/blogger-session.ts,86,BLOGGER_SCOPE
production,exports,src/app/providers/blogger/blogger-session.ts,154,bloggerFeedUrl
production,exports,src/app/feed-cta-store.ts,9,shuffleCtas
production,exports,src/app/drafts.ts,108,emptyDraftSnapshot
production,types,src/app/drafts.ts,8,DraftPoll
production,exports,src/app/status-sort.ts,38,byOldestFirst
production,exports,src/app/status-sort.ts,43,statusTime
production,exports,src/app/trend-language-filter.ts,20,UI_LANGUAGE
production,exports,src/app/feed-analytics/feed-analytics.ts,164,SAMPLE_CHOICES
production,exports,src/app/feed-analytics/feed-analytics.ts,166,DEFAULT_SAMPLE
production,exports,src/app/feed-members/feed-members.ts,16,SAMPLE_CHOICES
production,exports,src/app/feed-members/feed-members.ts,18,DEFAULT_SAMPLE
production,exports,src/app/feed-sample.ts,57,MAX_PAGES
production,types,src/app/feed-sample.ts,25,PagedFeedSource
production,exports,src/app/compose/compose.ts,85,isBlogTarget
production,exports,src/app/compose/compose.ts,117,BSKY_MAX_GRAPHEMES
production,exports,src/app/compose/compose.ts,247,describePostFailure
production,types,src/app/compose/compose.ts,90,BlogTarget
production,types,src/app/compose/compose.ts,140,PostFailureDetail
production,exports,src/app/providers/anonymous/anonymous-feed-corpus.ts,6,ANONYMOUS_CORPUS_LIMIT
production,exports,src/app/providers/twitter/twitter-provider.ts,64,COLD_START_BUDGET
production,exports,src/app/providers/twitter/twitter-provider.ts,75,FAILURE_THRESHOLD
production,exports,src/app/providers/twitter/twitter-provider.ts,86,COOLDOWN_MS
production,exports,src/app/providers/anonymous/anonymous-follows.ts,127,networkForAccount
production,types,src/app/providers/anonymous/anonymous-follows.ts,36,AnonymousFollowNetwork
production,exports,src/app/providers/anonymous/anonymous-tags.ts,6,ANONYMOUS_TAG_LIMIT
production,exports,src/app/eliza/eliza-identity.ts,16,ELIZA_NS
production,exports,src/app/eliza/eliza-identity.ts,37,ELIZA_HANDLE
production,exports,src/app/eliza/eliza-identity.ts,100,elizaPostStatus
production,exports,src/app/pages/profile/media/profile-media-item.ts,40,mediaKey
production,exports,src/app/pages/profile/media/profile-media-item.ts,108,looksLikePhoto
production,exports,src/app/pages/profile/media/profile-media-item.ts,171,extractMedia
production,types,src/app/pages/profile/media/profile-media-item.ts,37,ExtractedMedia
production,exports,src/app/algo-feed.ts,31,ALGO_TARGET_POSTS
production,exports,src/app/algo-feed.ts,52,engagementScore
production,exports,src/app/pages/search/account-refine.ts,63,inRange
production,exports,src/app/chat/conversation-store.ts,17,MAX_CONVERSATIONS_PER_PEER
production,exports,src/app/chat/conversation-store.ts,18,MAX_MESSAGES_PER_CONVERSATION
production,exports,src/app/chat/conversation-store.ts,90,titleFrom
production,types,src/app/chat/conversation-store.ts,21,MessageAuthor
production,exports,src/app/providers/bluesky/bluesky-image.ts,21,BSKY_BLOB_LIMIT
production,exports,src/app/pages/settings/profile/profile-link-dialog.ts,12,profileLink
production,exports,src/app/providers/anonymous/anonymous-preferences.ts,6,DEFAULT_FOLLOWED_POST_MAX_AGE_DAYS
production,exports,src/app/feed-capability.ts,58,FEED_KINDS
production,exports,src/app/feed-capability.ts,91,TTL_MS
production,types,src/app/feed-capability.ts,80,HostFeeds
production,exports,src/app/search-server-rejects.ts,28,MAX_REJECTS
production,exports,src/app/search-server-rejects.ts,43,rejectKey
production,exports,src/app/providers/account/plus-catalogue.ts,20,FALLBACK_OFFER
production,exports,src/app/providers/account/plus-catalogue.ts,31,parseOffer
production,exports,src/app/providers/account/plus-catalogue.ts,49,formatOffer
production,exports,src/app/providers/account/auth-debug.ts,20,authDebugEnabled
production,exports,src/app/providers/account/plus-diagnostics.ts,339,accountLabel
production,exports,src/app/pages/settings/mawkingbird-plus/plus-welcome-dialog/plus-welcome-dialog.ts,142,PLUS_FEATURE_LABELS
production,exports,src/app/providers/article/article-quota.ts,39,ARTICLE_QUOTA_KEY
production,exports,src/app/providers/article/article-reading-tally.ts,39,READING_TALLY_KEY
production,exports,src/app/providers/vault/vault-client.ts,30,VAULT_VERSION_HEADER
production,exports,src/app/providers/mataroa/mataroa-settings.ts,201,normalizeBlogUrl
production,exports,src/app/providers/account/profile-account-key.ts,30,ACCOUNT_KEY_HEADER
production,exports,src/app/providers/account/profile-account-key.ts,38,mastodonAccountKey
production,exports,src/app/providers/account/profile-account-key.ts,69,blueskyAccountKey
production,exports,src/app/providers/account/profile-account-key.ts,74,ANONYMOUS_ACCOUNT_KEY
production,exports,src/app/providers/vault/vault-manifest.ts,149,NOT_VAULTED
production,types,src/app/providers/vault/vault-manifest.ts,19,VaultScope
production,exports,src/app/providers/openrouter/openrouter-models.ts,25,MODEL_SEARCH_LIMIT
production,exports,src/app/providers/openrouter/openrouter-credits.ts,129,usd
production,exports,src/app/providers/openrouter/prompt-templates.ts,36,PROMPT_TEMPLATES
production,exports,src/app/providers/openrouter/prompt-templates.ts,82,DEFAULT_PROMPTS
production,exports,src/app/providers/openrouter/prompt-templates.ts,233,renderTemplate
production,types,src/app/providers/openrouter/prompt-templates.ts,27,PromptTemplateSpec
production,exports,src/app/translation-preference.ts,31,DEFAULT_TRANSLATION_CHOICE
production,exports,src/app/providers/paste/paste-feed-fetch.ts,114,describeFeedError
production,exports,src/app/providers/shortener/shortener-catalog.ts,260,SHORTENER_API_HOSTS
production,types,src/app/providers/shortener/shortener-catalog.ts,23,ShortenerAuth
production,types,src/app/providers/shortener/shortener-catalog.ts,49,ShortenerKeyPolicy
production,exports,src/app/providers/twitter/twitter-api.ts,257,parseBalance
production,exports,src/app/providers/twitter/twitter-api.ts,283,CREDITS_PER_TIMELINE_PAGE
production,exports,src/app/providers/twitter/twitter-feed.ts,29,TIMELINE_TTL_MS
production,exports,src/app/providers/twitter/twitter-feed.ts,415,followFromAccount
production,exports,src/app/providers/twitter/twitter-import.ts,120,RATE_LIMIT_RETRIES
production,exports,src/app/providers/twitter/twitter-import.ts,422,toCandidate
production,exports,src/app/providers/twitter/twitter-pacer.ts,47,FAST_DELAY_MS
production,exports,src/app/providers/twitter/twitter-pacer.ts,50,MAX_DELAY_MS
production,exports,src/app/providers/twitter/twitter-pacer.ts,53,SPEEDUP_AFTER
production,exports,src/app/providers/twitter/twitter-usage.ts,37,DEFAULT_SOFT_LIMIT
production,exports,src/app/providers/twitter/twitter-usage.ts,47,DEFAULT_HARD_LIMIT
production,exports,src/app/providers/twitter/twitter-usage.ts,63,localDay
production,exports,src/app/providers/twitter/twitter-source.ts,63,TWITTER_SOURCE_CATALOG
production,exports,src/app/providers/twitter/twitter-source.ts,107,twitterApiHosts
production,exports,src/app/providers/paste/gist-provider.ts,95,gistFilename
production,exports,src/app/providers/paste/gist-provider.ts,107,soleFile
production,exports,src/app/providers/hugo/hugo-listing.ts,63,titleFromFilename
production,exports,src/app/providers/hugo/hugo-listing.ts,71,dateFromFilename
production,types,src/app/providers/hugo/hugo-listing.ts,26,PostRowSource
production,exports,src/app/providers/rss/rss-subscriptions.ts,27,normalizeLimit
production,exports,src/app/providers/rss/rss-subscriptions.ts,44,FOLDER_SEPARATOR
production,exports,src/app/providers/rss/rss-subscriptions.ts,55,MAX_FOLDER_DEPTH
production,exports,src/app/providers/rss/rss-read-state.ts,47,READ_MAX_AGE_MS
production,exports,src/app/providers/rss/rss-read-state.ts,60,READ_MAX_ENTRIES
production,exports,src/app/providers/rss/rss-read-state.ts,78,pruneReadMap
production,exports,src/app/account-data.ts,53,keyBelongsToScope
production,exports,src/app/account-data.ts,71,scopeForAccount
production,exports,src/app/house-ad-store.ts,16,HOUSE_AD_ROTATE_MS
production,exports,src/app/bulk-actions.ts,323,RELATIONSHIP_BATCH
production,types,src/app/bulk-actions.ts,262,BulkPhase
production,exports,src/app/trusted-accounts.ts,27,TRUST_LEVELS
production,exports,src/app/import-follows.ts,65,normalizeHandle
production,types,src/app/import-follows.ts,13,ImportRowStatus
production,exports,src/app/import-tags.ts,24,PROBE_PAGES
production,exports,src/app/import-tags.ts,29,SMALL_IMPORT
production,exports,src/app/import-tags.ts,78,normalizeTag
production,types,src/app/import-tags.ts,9,ImportTagStatus
production,exports,src/app/pages/settings/import-export/contact-discovery.ts,54,parseCsv
production,exports,src/app/pages/settings/import-export/contact-discovery.ts,91,parseContacts
production,exports,src/app/pages/settings/import-export/contact-discovery.ts,292,rankMatch
production,types,src/app/pages/settings/import-export/contact-discovery.ts,10,ContactSearchStatus
production,types,src/app/pages/settings/import-export/contact-discovery.ts,12,ContactSearchQuery
production,types,src/app/pages/settings/import-export/contact-discovery.ts,31,ContactMatch
production,exports,src/app/pages/settings/import-export/contact-picker.ts,70,MAX_PICKED_CONTACTS
production,exports,src/app/pages/settings/import-export/github-friend-discovery.ts,46,profileMastodonIdentity
production,exports,src/app/pages/settings/import-export/github-friend-discovery.ts,71,rankGitHubMatch
production,types,src/app/pages/settings/import-export/github-friend-discovery.ts,13,GitHubFriendConfidence
production,types,src/app/pages/settings/import-export/github-friend-discovery.ts,15,MastodonIdentity
production,types,src/app/pages/settings/import-export/github-friend-discovery.ts,22,GitHubFriendMatch
production,exports,src/app/pages/settings/import-export/tag-sources.ts,21,PRESELECTED
production,exports,src/app/pages/settings/import-export/tag-sources.ts,32,rankTags
production,exports,src/app/pages/settings/import-export/tag-sources.ts,42,tallyTags
production,exports,src/app/pages/settings/import-export/tag-sources.ts,55,statusTagNames
production,exports,src/app/pages/settings/import-export/tag-sources.ts,66,bskyPostTagNames
production,exports,src/app/pages/settings/import-export/twitter-friend-discovery.ts,57,rankTwitterMatch
production,types,src/app/pages/settings/import-export/twitter-friend-discovery.ts,9,TwitterFriendConfidence
production,types,src/app/pages/settings/import-export/twitter-friend-discovery.ts,11,TwitterFriendMatch
production,exports,src/app/pages/settings/import-export/bridge-matching.ts,65,blueskyHandleInText
production,exports,src/app/pages/settings/import-export/bridge-matching.ts,92,mastodonHandleInText
production,exports,src/app/translation-usage.ts,72,DEFAULT_MASTODON_SOFT_LIMIT
production,exports,src/app/translation-usage.ts,81,DEFAULT_MASTODON_HARD_LIMIT
production,exports,src/app/translation-usage.ts,90,DEFAULT_OPENROUTER_SOFT_LIMIT
production,exports,src/app/translation-usage.ts,93,DEFAULT_OPENROUTER_HARD_LIMIT
production,exports,src/app/translation-usage.ts,117,localDay
production,exports,src/app/starter-pack-text.ts,20,starterPackText
production,exports,src/app/starter-collection.ts,55,STARTER_COLLECTION
production,exports,src/app/recent-feeds.ts,5,RECENT_FEED_SLOTS
production,exports,src/app/pages/search/saved-searches.ts,21,SAVED_SEARCH_LIMIT
production,exports,src/app/lists/tag-bundles.ts,66,normalizeTag
production,exports,src/app/tags-pub.ts,8,TAGS_PUB_HOST
production,exports,src/app/providers/bluesky/bluesky-feeds.ts,230,savedFeeds
production,exports,src/app/providers/rss/rss-adapter.ts,8,RSS_AVATAR
production,exports,src/app/providers/rss/rss-adapter.ts,66,sanitizeFeedHtml
production,types,src/app/providers/rss/rss-adapter.ts,55,SanitizedContent
production,exports,src/app/pages/search/search-helper.ts,28,SEARCH_SUCCESS_THRESHOLD
production,exports,src/app/pages/search/search-helper.ts,38,SEARCH_SUCCESS_THRESHOLD_NARROW
production,exports,src/app/pages/search/search-helper.ts,41,SEARCH_QUERY_COUNT
production,exports,src/app/pages/search/search-helper.ts,112,thresholdFor
production,exports,src/app/pages/search/search-helper.ts,162,describeContext
production,exports,src/app/pages/search/search-helper.ts,186,gradeUntilSuccess
production,exports,src/app/pages/search/search-helper.ts,221,describeAttempts
production,types,src/app/pages/search/search-helper.ts,52,GradeOutcome
production,exports,src/app/pages/search/search-refine.ts,251,contentFingerprint
production,types,src/app/pages/search/search-refine.ts,73,FacetValue
production,exports,src/app/pages/search/mawkingbird-search.ts,133,primaryText
production,exports,src/app/pages/search/mawkingbird-search.ts,145,withPrimaryText
production,types,src/app/pages/search/mawkingbird-search.ts,22,AccountLocation
production,types,src/app/pages/search/mawkingbird-search.ts,37,SearchDateBounds
production,types,src/app/pages/search/mawkingbird-search.ts,42,SearchTextCriteria
production,types,src/app/pages/search/mawkingbird-search.ts,93,HashtagSearchCriteria
production,types,src/app/pages/search/mawkingbird-search.ts,97,SearchPresentation
production,exports,src/app/pages/search/web-query-serializer.ts,49,webEngineDef
production,exports,src/app/pages/search/search-sort.ts,121,accountActivity
production,exports,src/app/pages/search/mastodon-query-serializer.ts,123,mastodonQuerySerializer
production,types,src/app/pages/search/mastodon-query-serializer.ts,22,MastodonQuerySerializer
production,exports,src/app/pages/search/recent-searches.ts,28,RECENT_SEARCH_LIMIT
production,exports,src/app/providers/bluesky/bluesky-adapter.ts,16,BSKY_AVATAR
production,exports,src/app/pages/bookmarks/bookmark-groups.ts,59,extractHashtags
production,exports,src/app/feed-doctor.ts,37,FLOOD_SHARE
production,exports,src/app/feed-doctor.ts,46,FLOOD_MIN_POSTS
production,exports,src/app/feed-doctor.ts,49,THIN_SOURCE_SHARE
production,exports,src/app/feed-doctor.ts,52,DEAD_FOLLOW_RATIO
production,exports,src/app/feed-doctor.ts,62,STALE_SOURCE_HOURS
production,exports,src/app/feed-doctor.ts,70,MINOR_SOURCE_SHARE
production,exports,src/app/feed-doctor.ts,118,diagnoseFlooding
production,exports,src/app/feed-doctor.ts,160,diagnoseEnding
production,exports,src/app/feed-doctor.ts,257,diagnoseStopped
production,exports,src/app/feed-doctor.ts,331,diagnoseMixing
production,exports,src/app/feed-doctor.ts,479,diagnoseSources
production,exports,src/app/feed-doctor.ts,554,diagnoseTimespans
production,exports,src/app/feed-doctor.ts,664,feedSubject
production,types,src/app/feed-doctor.ts,29,Severity
production,types,src/app/feed-doctor.ts,663,AuthorRow
production,exports,src/app/feed-metrics.ts,159,parseContent
production,exports,src/app/feed-metrics.ts,207,accountInstance
production,exports,src/app/feed-metrics.ts,216,isLocalAccount
production,exports,src/app/feed-metrics.ts,410,BURST_WINDOW_MIN
production,exports,src/app/feed-metrics.ts,412,BURST_MIN_POSTS
production,exports,src/app/feed-metrics.ts,457,effectiveCategories
production,exports,src/app/feed-metrics.ts,866,statusEngagement
production,types,src/app/feed-metrics.ts,31,ShareRow
production,types,src/app/feed-metrics.ts,130,ParsedContent
production,types,src/app/feed-metrics.ts,224,CompositionMetrics
production,types,src/app/feed-metrics.ts,244,AccountMetrics
production,types,src/app/feed-metrics.ts,269,InstanceMetrics
production,types,src/app/feed-metrics.ts,284,HashtagRow
production,types,src/app/feed-metrics.ts,290,HashtagMetrics
production,types,src/app/feed-metrics.ts,309,DomainRow
production,types,src/app/feed-metrics.ts,313,LinkMetrics
production,types,src/app/feed-metrics.ts,332,MediaMetrics
production,types,src/app/feed-metrics.ts,349,EngagementSlice
production,types,src/app/feed-metrics.ts,355,EngagementMetrics
production,types,src/app/feed-metrics.ts,373,ConversationMetrics
production,types,src/app/feed-metrics.ts,391,RecencyMetrics
production,types,src/app/feed-metrics.ts,419,ConcentrationRow
production,exports,src/app/providers/hugo/posse-queue.ts,25,POSSE_QUEUE_LIMIT
production,exports,src/app/providers/hugo/posse-queue.ts,74,excerptOf
production,exports,src/app/providers/hugo/hugo-deploy.ts,44,RUN_APPEARS_WITHIN_MS
production,exports,src/app/providers/hugo/hugo-deploy.ts,57,DEPLOY_POLL_SCHEDULE_MS
production,exports,src/app/pages/drafts/draft-items.ts,60,PARKED_SCHEDULE_YEARS
production,exports,src/app/pages/drafts/draft-items.ts,67,SELF_DRAFT_MAX_AGE_DAYS
production,exports,src/app/compose/alt-text.ts,18,needsDescription
production,exports,src/app/compose/alt-text.ts,64,hasUndescribedMedia
production,exports,src/app/compose/proofreader.ts,24,MAX_PROOFREADING_FINDING_CHARS
production,exports,src/app/compose/proofreader.ts,34,cleanProofreadingFindings
production,exports,src/app/compose/post-targets.ts,37,fallbackTarget
production,exports,src/app/compose/post-targets.ts,88,ALL_TARGETS
production,exports,src/app/sentiment.ts,210,HEATED_THRESHOLD
production,exports,src/app/sentiment.ts,228,rageScore
production,exports,src/app/sentiment.ts,298,isHeated
production,exports,src/app/sentiment.ts,311,RATIO_MIN_REPLIES
production,exports,src/app/sentiment.ts,313,RATIO_FACTOR
production,exports,src/app/sentiment.ts,321,isRatioed
production,exports,src/app/sentiment.ts,335,isDunk
production,exports,src/app/pages/write/quality-checks.ts,85,countSyllables
production,exports,src/app/pages/write/quality-checks.ts,104,readingEase
production,exports,src/app/pages/write/quality-checks.ts,114,MIN_WORDS_FOR_READABILITY
production,exports,src/app/pages/write/quality-checks.ts,117,DENSE_READING_EASE
production,exports,src/app/pages/write/quality-checks.ts,124,readabilityBand
production,exports,src/app/pages/write/quality-checks.ts,138,repeatedWords
production,exports,src/app/pages/write/quality-checks.ts,150,CAPS_RUN_MIN
production,exports,src/app/pages/write/quality-checks.ts,152,capsRuns
production,exports,src/app/pages/write/quality-checks.ts,173,TAG_NOISE_THRESHOLD
production,exports,src/app/pages/write/quality-checks.ts,175,hashtagsIn
production,types,src/app/pages/write/quality-checks.ts,17,QualitySeverity
production,exports,src/app/pkm/pkm-source.ts,19,PKM_MAX_AGE_DAYS
production,exports,src/app/pkm/pkm-source.ts,86,isSelfNote
production,exports,src/app/pkm/pkm-source.ts,94,withinPkmAge
production,exports,src/app/pkm/pkm-source.ts,102,localPkmItem
production,exports,src/app/pkm/pkm-source.ts,113,selfPkmItem
production,types,src/app/pkm/pkm-source.ts,36,PkmSourceKind
production,types,src/app/pkm/pkm-source.ts,45,PkmItemSource
production,exports,src/app/pages/write/split-modes.ts,35,SPLIT_RULE
production,exports,src/app/pages/write/split-modes.ts,75,isSplitRule
production,exports,src/app/pages/write/split-modes.ts,86,splitOnRule
production,exports,src/app/pages/write/split-modes.ts,113,autoSplit
production,exports,src/app/lists/list-feed-resolver.ts,8,FEED_PER_MEMBER
production,exports,src/app/lists/list-feed-resolver.ts,10,FEED_MAX
production,exports,src/app/avatar-fallback.ts,59,initialsAvatar
production,exports,src/app/pages/read/reader-document.ts,24,DOCUMENT_MIN_CHARS
production,exports,src/app/pages/read/reader-document.ts,93,chainTextLength
production,exports,src/app/providers/provider.ts,34,PROVIDER_CAPS
production,exports,src/app/providers/twitter/nitter.ts,45,DEFAULT_NITTER_HOST
production,exports,src/app/providers/twitter/nitter.ts,85,setNitterHost
production,exports,src/app/share-dialog/share-dialog.ts,59,shareableContentLinks
production,exports,src/app/share-dialog/share-dialog.ts,91,isFeedItem
production,exports,src/app/share-dialog/share-dialog.ts,95,shareContext
production,exports,src/app/share-dialog/share-dialog.ts,133,SHARE_DESTINATIONS
production,types,src/app/share-dialog/share-dialog.ts,14,ShareContext
production,exports,src/app/pages/profile/profile-search.ts,45,searchableText
production,exports,src/app/pages/profile/profile-search.ts,80,queryTerms
production,exports,src/app/verified-badge/verified-badge.ts,10,VERIFIED_FOLLOWER_THRESHOLD
production,exports,src/app/human-count.pipe.ts,4,humanCount
production,exports,src/app/providers/openrouter/openrouter-identity.ts,20,OPENROUTER_NS
production,exports,src/app/providers/openrouter/openrouter-identity.ts,22,OPENROUTER_ID
production,exports,src/app/providers/openrouter/openrouter-identity.ts,24,OPENROUTER_ACCT
production,exports,src/app/providers/openrouter/openrouter-identity.ts,31,OPENROUTER_HANDLE
production,exports,src/app/rendered-html-links.ts,34,mastodonProfileHandle
production,exports,src/app/providers/bluesky/bluesky-identity-store.ts,4,BSKY_IDENTITY_PROFILE_KEY
production,exports,src/app/providers/bluesky/bluesky-identity-store.ts,6,BSKY_ACTIVE_IDENTITY_DID_KEY
production,types,src/app/providers/bluesky/bluesky-identity-store.ts,19,BlueskyLegacyIdentityCredentials
production,types,src/app/providers/bluesky/bluesky-identity-store.ts,28,BlueskyOAuthIdentityCredentials
production,exports,src/app/onboarding/onboarding-store.ts,21,ONBOARDING_APP_KEY
production,exports,src/app/onboarding/onboarding-store.ts,22,ONBOARDING_ACCOUNT_KEY
production,exports,src/app/observability/latency-histogram.ts,33,BUCKET_EDGES
production,exports,src/app/observability/latency-histogram.ts,51,bucketFor
production,exports,src/app/observability/latency-histogram.ts,119,representative
production,exports,src/app/storage-registry.ts,1142,EXPORT_PROFILES
production,exports,src/app/storage-registry.ts,1160,specForKey
production,exports,src/app/storage-registry.ts,1203,isKeyExportable
production,exports,src/app/storage-registry.ts,1219,isExportable
production,exports,src/app/storage-registry.ts,1229,exportableKeys
production,types,src/app/storage-registry.ts,1157,ExportProfile
production,exports,src/app/post-link-cleaning.ts,7,cleanPostUrl
production,exports,src/app/session-teardown.ts,36,BACKUP_KIND
production,exports,src/app/session-teardown.ts,37,BACKUP_VERSION
production,exports,src/app/onboarding/onboarding-flow.ts,17,SERVER_REFUSED
production,exports,src/app/ai-translate.ts,62,htmlToPlainText
production,exports,src/app/share-dialog/share-selection.ts,26,MAX_QUOTE_LENGTH
production,exports,src/app/share-dialog/share-selection.ts,56,truncateQuote
production,exports,src/app/providers/hugo/hugo-contents.ts,62,encodeBase64
production,exports,src/app/providers/hugo/hugo-contents.ts,72,decodeBase64
production,exports,src/app/providers/hugo/hugo-post.ts,29,slugify
production,exports,src/app/eliza/eliza-engine.ts,44,reflect
production,exports,src/app/eliza/eliza-engine.ts,70,faqMatch
production,exports,src/app/eliza/eliza-content.ts,345,LOCAL_POST_DISCLAIMER
production,exports,src/app/eliza/eliza-content.ts,348,ELIZA_FIRST_DM
production,exports,src/app/poll-results/poll-statistics.ts,4,wilsonInterval
production,exports,src/app/providers/bluesky/bluesky-notification-adapter.ts,35,notificationType
production,exports,src/app/providers/account/profile-feeds.ts,223,feedId
production,exports,src/app/providers/account/profile-trust.ts,38,SETTINGS_ID
production,exports,src/app/providers/account/profile-trust.ts,251,entryId
production,exports,src/app/providers/vault/vault-crypto.ts,51,PBKDF2_ITERATIONS
production,exports,src/app/providers/vault/vault-crypto.ts,66,MIN_PASSPHRASE_LENGTH
production,exports,src/app/providers/vault/vault-crypto.ts,75,bytesToBase64
production,exports,src/app/providers/vault/vault-crypto.ts,96,base64ToBytes
production,exports,src/app/providers/vault/vault-key-store.ts,50,UNLOCK_TTL_MS
production,exports,src/app/providers/vault/vault-key-store.ts,143,unlockExpiresAt
production,exports,src/app/providers/twitter/twitterapi-io/guards.ts,59,unwrap
production,exports,src/app/providers/twitter/twitterapi-io/guards.ts,71,isWireUser
production,exports,src/app/providers/twitter/twitterapi-io/guards.ts,81,isWireTweet
production,exports,src/app/providers/twitter/twitterapi-io/normalizers.ts,25,statusId
production,exports,src/app/providers/twitter/twitterapi-io/normalizers.ts,30,accountId
production,exports,src/app/providers/twitter/twitterapi-io/normalizers.ts,41,permalink
production,exports,src/app/providers/twitter/twitterapi-io/normalizers.ts,96,renderContent
production,exports,src/app/providers/twitter/twitter-transport.ts,503,buildUrl
production,exports,src/app/providers/twitter/twitter-errors.ts,71,looksCorsBlocked
production,exports,src/app/providers/twitter/twitter-errors.ts,178,rateLimitMessage
production,exports,src/app/providers/twitter/twitter-cache.ts,58,CACHE_RETENTION_MS
production,exports,src/language-detection/index.ts,174,STOP_WORDS
production,exports,src/language-detection/index.ts,664,HOMOGRAPHS
production,exports,src/language-detection/index.ts,712,DISCRIMINATING_WORDS
production,exports,src/language-detection/index.ts,775,CONFIDENT_LANGUAGE_SHARE
production,exports,src/language-detection/index.ts,1322,detectScriptLanguage
production,types,src/language-detection/index.ts,978,LanguageSegmentKind
production,types,src/language-detection/index.ts,985,LanguageReason
production,types,src/language-detection/index.ts,994,LanguageEvidence
production,exports,src/app/bundled-starter-kits.generated.ts,1268,bundledStarterKit
production,exports,src/app/providers/rss/paste-resolve.ts,310,handleIn
production,exports,src/app/providers/rss/paste-resolve.ts,326,rssUrlFor
production,exports,src/app/providers/rss/paste-resolve.ts,337,youtubeFeedFor
production,exports,src/app/providers/rss/rss-starter-kits.ts,151,rssStarterKit
production,exports,src/app/providers/rss/rss-starter-kits.ts,156,rssStarterKitFeedCount
production,types,src/app/providers/rss/rss-starter-kits.ts,68,RssStarterFeed
production,exports,src/app/providers/openrouter/json-suggestions.ts,29,MAX_SUGGESTIONS
production,exports,src/app/providers/openrouter/json-suggestions.ts,103,parseSuggestions
production,exports,src/app/pages/search/bluesky-query-serializer.ts,158,hasBlueskyOperators
production,exports,src/app/pages/search/bluesky-refine.ts,76,handleDomain
production,exports,src/app/pages/search/bluesky-refine.ts,90,isDefaultHandle
production,exports,src/app/pages/search/bluesky-refine.ts,408,threadPosition
production,exports,src/app/pages/search/bluesky-refine.ts,426,linkDomain
production,types,src/app/pages/search/bluesky-refine.ts,397,ThreadPosition
production,exports,src/app/account-metrics.ts,33,REACH_MODEL
production,exports,src/app/account-metrics.ts,66,estimatePostReach
production,exports,src/app/account-metrics.ts,100,sampleSpanDays
production,exports,src/app/account-metrics.ts,162,postTextLength
production,exports,src/app/account-metrics.ts,288,MIN_WEEKS_FOR_WEEKLY
production,exports,src/app/account-metrics.ts,290,MIN_MONTHS_FOR_MONTHLY
production,exports,src/app/account-metrics.ts,379,hourHistogram
production,exports,src/app/account-metrics.ts,392,TOP_N
production,types,src/app/account-metrics.ts,201,LivelinessLabel
production,types,src/app/account-metrics.ts,528,HeatmapDay
production,exports,src/app/providers/hugo/webmention-discovery.ts,36,endpointFromLinkHeader
production,exports,src/app/providers/hugo/webmention-discovery.ts,64,endpointFromHtml
production,exports,src/app/compose/tag-helper.ts,26,TAG_TARGET_LIVE
production,exports,src/app/compose/tag-helper.ts,29,TAG_SUGGESTION_COUNT
production,exports,src/app/compose/tag-helper.ts,73,gradeTagsUntilEnough
production,exports,src/app/compose/tag-helper.ts,117,describeTagChecks
production,exports,src/app/compose/tag-helper.ts,145,recentUses
production,types,src/app/compose/tag-helper.ts,45,TagGradeOutcome
production,exports,src/app/pages/write/board/board-columns.ts,20,columnFor
production,exports,src/app/providers/read/reader-library.ts,63,LIBRARY_KEY_BASE
production,exports,src/app/providers/read/reader-library.ts,72,LIBRARY_MAX_AGE_MS
production,exports,src/app/providers/read/reader-library.ts,83,LIBRARY_MAX_ENTRIES
production,exports,src/app/providers/read/reader-library.ts,157,pruneLibrary
production,exports,src/app/providers/read/reader-library.ts,206,mergeLibraries
production,exports,src/app/providers/read/reader-library.ts,233,libraryDocumentUrl
production,exports,src/app/providers/read/reader-library.ts,264,dedupeLibrary
production,exports,src/app/providers/read/reader-library.ts,319,READ_THRESHOLD
production,exports,src/app/pages/read/article-expansion.ts,51,MAX_MANUAL_RETRIES
production,exports,src/app/providers/article/markdown-render.ts,51,renderInline
production,exports,src/app/pages/read/column-pages.ts,8,READER_COLUMN_GAP
production,exports,src/app/pages/read/document-search.ts,36,MAX_MATCHES
production,exports,src/app/pages/read/mark-passages.ts,23,HIGHLIGHT_CLASS
production,exports,src/app/pages/read/mark-passages.ts,26,SEARCH_HIT_CLASS
production,exports,src/app/pages/read/reading-tools.ts,264,pageOfQuote
production,exports,src/app/pages/profile/clone-friends.ts,190,describeSelection
production,exports,src/app/follow-quality.ts,27,DORMANT_AFTER_DAYS
production,exports,src/app/follow-quality.ts,35,MIN_POSTS
production,exports,src/app/follow-quality.ts,71,QUALITY_SIGNALS
production,exports,src/app/follow-quality.ts,183,isWorthFollowing
production,exports,src/app/pages/profile/copy-collections.ts,33,COPY_COLLECTION_LIMIT
production,exports,src/app/pages/profile/copy-collections.ts,85,uniqueListTitle
production,exports,src/app/pages/profile/copy-collections.ts,151,describeCollectionPlan
production,exports,src/app/providers/bluesky/bluesky-oauth-config.ts,4,BSKY_OAUTH_SCOPE
production,exports,src/app/providers/bluesky/bluesky-oauth-config.ts,9,blueskyOAuthAppRoot
production,exports,src/app/providers/openrouter/text-completion.ts,16,TextCompletionError
production,exports,src/app/providers/openrouter/text-completion.ts,26,MAX_LENGTH_RATIO
production,exports,src/app/effective-audience.ts,70,MIN_AGE_DAYS_FOR_CADENCE
production,exports,src/app/effective-audience.ts,79,OVER_READ_TOLERANCE
production,exports,src/app/effective-audience.ts,85,OVER_READ_FLOOR
production,exports,src/app/effective-audience.ts,113,daysSinceLastPost
production,exports,src/app/effective-audience.ts,132,lifetimePostsPerDay
production,exports,src/app/effective-audience.ts,162,judgeAccount
production,types,src/app/effective-audience.ts,88,AudienceVerdict
production,exports,src/app/providers/article/article-fetch.ts,129,diagnoseHttpError
production,types,src/app/providers/article/article-fetch.ts,45,ArticleFailure
production,exports,src/app/providers/article/article-diagnosis.ts,29,UNLIKELY_HOSTS
production,exports,src/app/providers/article/article-diagnosis.ts,100,looksLikeHomepage
production,exports,src/app/providers/article/observed-failures.ts,45,OBSERVED_FAILURES_KEY_BASE
production,exports,src/app/providers/article/observed-failures.ts,55,OBSERVED_HOSTS_MAX
production,exports,src/app/providers/article/observed-failures.ts,64,FAILURES_BEFORE_WARNING
production,exports,src/app/providers/article/observed-failures.ts,90,isHostAttributable
production,exports,src/app/providers/article/observed-failures.ts,95,hostOf
production,exports,src/app/providers/article/observed-failures.ts,149,evictLeastRecent
production,exports,src/app/providers/read/reader-annotations.ts,48,ANNOTATIONS_KEY_BASE
production,exports,src/app/providers/read/reader-annotations.ts,59,ANNOTATIONS_MAX_AGE_MS
production,exports,src/app/providers/read/reader-annotations.ts,62,ANNOTATIONS_MAX_ENTRIES
production,exports,src/app/providers/read/reader-annotations.ts,130,pruneAnnotations
production,exports,src/app/pages/read/reader-anchor.ts,42,blockPlainText
production,exports,src/app/providers/article/article-cache.ts,28,ARTICLE_TTL_MS
production,exports,src/app/providers/article/article-cache.ts,31,FAILURE_TTL_MS
production,exports,src/app/providers/article/article-cache.ts,34,MAX_CACHED_ARTICLES
production,exports,src/app/providers/article/article-cache.ts,51,normalizeArticleUrl
production,exports,src/app/providers/article/article-metadata.ts,52,jsonLdNodes
production,exports,src/app/providers/article/article-metadata.ts,86,jsonLdArticle
production,exports,src/app/providers/article/article-metadata.ts,157,trimSiteSuffix
production,exports,src/app/providers/article/article-metadata.ts,173,extractSiteName
production,exports,src/app/pages/rss/article-pages.ts,95,paginateMarkdown
production,exports,src/app/providers/article/article-scoring.ts,96,semanticCandidate
production,exports,src/app/providers/article/article-scoring.ts,113,linkedWordCount
production,exports,src/app/providers/article/article-scoring.ts,135,scoreElement
production,exports,src/app/providers/article/article-scoring.ts,173,bestCandidate
production,types,src/app/models.ts,11,Role
production,types,src/app/models.ts,26,AccountSource
production,types,src/app/models.ts,76,PollOption
production,types,src/app/models.ts,268,PollDraft
production,types,src/app/models.ts,298,Hashtag
production,types,src/app/models.ts,310,AnnouncementReaction
production,types,src/app/models.ts,557,FaultMatch
production,types,src/app/models.ts,565,FaultEffect
production,types,src/app/models.ts,628,FilterStatus
production,types,src/app/pages/settings/connections/doctor/connection-doctor-catalog.ts,126,StatusPage
production,types,src/app/providers/anonymous/anonymous-mastodon-provider.ts,65,SourceEnding
production,types,src/app/providers/anonymous/anonymous-home-feed-cache.ts,15,AnonymousCacheLoadReport
production,types,src/app/providers/bluesky/bluesky-types.ts,17,BskyViewerState
production,types,src/app/providers/bluesky/bluesky-types.ts,83,BskyImage
production,types,src/app/providers/github/github-session.ts,56,GitHubSocialAccount
production,types,src/app/providers/github/github-session.ts,86,GitHubStarredOwner
production,types,src/app/providers/paste/paste-provider.ts,4,PasteVisibility
production,types,src/app/providers/paste/paste-provider.ts,7,PasteLanguage
production,types,src/app/providers/paste/paste-provider.ts,12,PasteExpiryOption
production,types,src/app/providers/shortener/shortener-history.ts,51,LinkOrigin
production,types,src/app/providers/mataroa/mataroa-api.ts,11,MataroaPost
production,types,src/app/providers/rss/opml.ts,4,OpmlFeed
production,types,src/app/observability/indexed-db-inspector.ts,47,QuotaInfo
production,types,src/app/pages/settings/import-export/bridge-finder.ts,53,BridgeRowStatus
production,types,src/app/lists/server-feeds.ts,5,ServerFeedContent
production,types,src/app/pages/search/search-explain.ts,43,ChipOrigin
production,types,src/app/pages/search/search-explain.ts,161,ExplainLine
production,types,src/app/providers/bluesky/bluesky-post-search.ts,17,BlueskySearchSort
production,types,src/app/observability/api-docs.ts,28,DocMatch
production,types,src/app/compose/visibility-state.ts,8,PostVisibility
production,types,src/app/lists/list-source.ts,10,ListSource
production,types,src/app/lists/list-source.ts,21,ListSourceKind
production,types,src/app/lists/list-source.ts,24,MemberOrigin
production,types,src/app/lists/list-source.ts,27,ResolvedFeed
production,types,src/app/providers/account/profile-client.ts,62,ProfileCollectionSummary
production,types,src/app/providers/account/profile-client.ts,68,ProfileAccountSummary
production,types,src/app/providers/account/profile-client.ts,548,PortableConfig
production,types,src/app/onboarding/onboarding-questions.ts,37,OnboardingScope
production,types,src/app/onboarding/onboarding-questions.ts,45,OnboardingControl
production,types,src/app/providers/twitter/twitterapi-io/wire-types.ts,68,WireUserEntities
production,types,src/app/providers/twitter/twitterapi-io/wire-types.ts,80,WireMentionEntity
production,types,src/app/providers/twitter/twitterapi-io/wire-types.ts,87,WireHashtagEntity
production,types,src/app/providers/twitter/twitterapi-io/wire-types.ts,100,WireVideoVariant
production,types,src/app/providers/twitter/twitterapi-io/wire-types.ts,135,WireCard
production,types,src/app/providers/account/profile-collections.ts,31,CollectionItem
production,types,src/app/shell/left-rail/profile-stack/rail-profile.ts,4,RailProfileStat
